Id,Contract_Id,Consultant_Id
463,158,4
464,158,3
466,111,317
467,111,316
468,110,315
469,110,314
470,110,313
471,109,312
472,109,311
473,109,310
474,108,309
475,108,308
476,108,307
477,111,318
478,107,306
479,107,304
480,106,303
481,106,302
482,106,301
483,105,300
484,105,299
485,105,298
486,104,297
487,104,296
488,104,295
489,103,294
490,107,305
491,103,293
492,112,319
493,112,321
494,120,345
495,120,344
496,120,343
497,119,342
498,119,341
499,119,340
500,118,339
501,118,338
502,118,337
503,117,336
504,117,335
505,112,320
506,117,334
507,116,332
508,116,331
509,115,330
510,115,329
511,115,328
512,114,327
513,114,326
514,114,325
515,113,324
516,113,323
517,113,322
518,116,333
519,103,292
520,102,291
521,102,290
522,92,260
523,92,259
524,91,258
525,91,257
526,91,256
527,90,255
528,90,254
529,90,253
530,89,252
531,89,251
532,89,250
533,92,261
534,88,249
535,88,247
536,87,246
537,87,245
538,87,244
539,86,243
540,86,242
541,86,241
542,85,240
543,85,239
544,85,238
545,84,237
546,88,248
547,93,262
548,93,263
549,93,264
550,102,289
551,101,288
552,101,287
553,101,286
554,100,285
555,100,284
556,100,283
557,99,282
558,99,281
559,99,280
560,98,279
561,98,278
562,98,277
563,97,276
564,97,275
565,97,274
566,96,273
567,96,272
568,96,271
569,95,270
570,95,269
571,95,268
572,94,267
573,94,266
574,94,265
575,121,346
576,84,236
577,121,347
578,122,349
579,149,430
580,148,429
581,148,428
582,148,427
583,147,426
584,147,425
585,147,424
586,146,423
587,146,422
588,146,421
589,145,420
590,149,431
591,145,419
592,144,417
593,144,416
594,144,415
595,143,414
596,143,413
597,143,412
598,142,411
599,142,410
600,142,409
601,141,408
602,141,407
603,145,418
604,141,406
605,149,432
606,150,434
607,158,458
608,158,457
609,157,456
610,157,455
611,157,454
612,156,453
613,156,452
614,156,451
615,155,450
616,155,449
617,155,448
618,150,433
619,154,447
620,154,445
621,153,444
622,153,443
623,153,442
624,152,441
625,152,440
626,152,439
627,151,438
628,151,437
629,151,436
630,150,435
631,154,446
632,140,405
633,140,404
634,140,403
635,130,373
636,129,372
637,129,371
638,129,370
639,128,369
640,128,368
641,128,367
642,127,366
643,127,365
644,127,364
645,126,363
646,130,374
647,126,362
648,125,360
649,125,359
650,125,358
651,124,357
652,124,356
653,124,355
654,123,354
655,123,353
656,123,352
657,122,351
658,122,350
659,126,361
660,130,375
661,131,376
662,131,377
663,139,402
664,139,401
666,138,399
667,138,398
668,138,397
669,137,396
670,137,395
671,137,394
672,136,393
673,136,392
674,136,391
675,135,390
676,135,389
677,135,388
678,134,387
679,134,386
680,134,385
681,133,384
682,133,383
683,133,382
684,132,381
685,132,380
686,132,379
687,131,378
688,121,348
689,158,459
690,84,235
691,83,233
692,36,91
693,35,90
694,35,89
695,35,88
696,34,87
697,34,86
698,34,85
699,33,84
700,33,83
701,33,82
702,32,81
703,36,92
704,32,80
705,31,78
706,31,77
707,31,76
708,30,75
709,30,74
710,30,73
711,29,72
712,29,71
713,29,70
714,28,69
715,28,68
716,32,79
717,28,67
718,36,93
719,37,95
720,45,119
721,45,118
722,44,117
723,44,116
724,44,115
725,43,114
726,43,113
727,43,112
728,42,111
729,42,110
730,42,109
731,37,94
732,41,108
733,41,106
734,40,105
735,40,104
736,40,103
737,39,102
738,39,101
739,39,100
740,38,99
741,38,98
742,38,97
743,37,96
744,41,107
745,27,66
746,27,65
747,27,64
748,17,34
749,16,33
750,16,32
751,16,31
752,15,30
753,15,29
754,15,28
755,14,27
756,14,26
757,14,25
758,13,24
759,17,35
760,13,23
761,12,21
762,12,20
763,12,19
764,11,18
765,11,17
766,11,16
767,10,15
768,10,14
769,10,13
770,9,12
771,9,11
772,13,22
773,17,36
774,18,37
775,18,38
776,26,63
777,26,62
778,26,61
779,25,60
780,25,59
781,25,58
782,24,57
783,24,56
784,24,55
785,23,54
786,23,53
787,23,52
788,22,51
789,22,50
790,22,49
791,21,48
792,21,47
793,21,46
794,20,45
795,20,44
796,20,43
797,19,42
798,19,41
799,19,40
800,18,39
801,45,120
802,83,234
803,46,121
804,46,123
805,73,204
806,73,203
807,73,202
808,72,201
811,71,198
816,74,205
819,69,190
823,67,186
824,67,185
825,67,184
826,66,183
827,66,182
828,66,181
831,74,206
832,75,208
833,83,232
834,82,231
835,82,230
836,82,229
837,81,228
838,81,227
839,81,226
840,80,225
841,80,224
842,80,223
843,79,222
844,74,207
845,79,221
846,78,219
847,78,218
848,78,217
849,77,216
850,77,215
851,77,214
852,76,213
853,76,212
854,76,211
855,75,210
856,75,209
857,79,220
858,65,179
859,65,178
860,64,177
861,54,147
862,54,146
863,54,145
864,53,144
865,53,143
866,53,142
867,52,141
868,52,140
869,52,139
870,51,138
871,51,137
872,55,148
873,51,136
874,50,134
875,50,133
876,49,132
877,49,131
878,49,130
879,48,129
880,48,128
881,48,127
882,47,126
883,47,125
884,47,124
885,50,135
886,55,149
887,55,150
888,56,151
892,63,173
895,62,170
897,61,168
898,61,167
899,61,166
900,60,165
901,60,164
902,60,163
903,59,162
904,59,161
905,59,160
906,58,159
907,58,158
908,58,157
909,57,156
910,57,155
911,57,154
912,56,153
913,56,152
914,46,122
967,180,307
968,180,341
969,180,336
1009,201,12
1010,201,6
1011,201,511
1012,202,1
1013,202,3
1014,202,4
1015,203,9
1016,203,11
